"countryid","countrynameen","countrynamear","countryiso_3_code","countryiso_2_code"
"263","ARMENIA","ارمينيا","ARM","AM"
"455","SLOVENIA","سلوفينيا","SVN","SI"
"647","HONDURAS","هندوراس","HND","HN"
"359","ZAMBIA","زامبيا","ZMB","ZM"
"361","DEMOCRATIC REPUBLIC OF THE CONGO","جمهورية الكونغو الديمقراطية","COD","CD"
"265","AZERBAIJAN","اذربيجان","AZE","AZ"
"457","LITHUANIA","ليتوانيا","LTU","LT"
"649","GRENADA","جرينادا","GRD","GD"
"634","BERMUDA","برمودا","BMU","BM"
"239","THAILAND","تايلاند","THA","TH"
"335","MALI","مالى","MLI","ML"
"431","CYPRUS","قبرص","CYP","CY"
"623","COSTA RICA","كوستاريكا","CRI","CR"
"101","UNITED ARAB EMIRATES","الإمارات","ARE","AE"
"485","REPUBL. OF MACEDONIA","مقدونيا","MKD","MK"
"329","MADAGASCAR","مدغشقر","MDG","MG"
"425","PORTUGAL","البرتغال","PRT","PT"
"617","VENEZUELA","فنزويلا","VEN","VE"
"713","TAHITI","تاهيتي","TAH",""
"137","SUDAN","السودان","SDN","SD"
"233","VIETNAM","فيتنام","VNM","VN"
"333","MALAWI","مالاوي","MWI","MW"
"429","GREECE","اليونان","GRC","GR"
"621","CUBA","كوبا","CUB","CU"
"141","DJIBOUTI","جيبوتي","DJI","DJ"
"237","PHILIPPINES","الفلبين","PHL","PH"
"464","YUGOSLAVIA","يوغسلافيا","YUG","YU"
"487","SAINT KITTS AND NEVIS","كيتس-نافيس سانت","KNA","KN"
"391","KIRIBATI","كيريباتي","KIR","KI"
"103","SAUDI ARABIA","السعوديه","SAU","SA"
"462","SERBIA","صربيا","SRB","RS"
"750","EQUATORIAL GUINEA","غينيا الاستوائي","GNQ","GQ"
"317","ETHIOPIA","اثيوبيا","ETH","ET"
"413","LUXEMBOURG","لوكسمبورج","LUX","LU"
"701","AUSTRALIA","استراليا","AUS","AU"
"125","EGYPT","مصر","EGY","EG"
"605","ARGENTINA","الارجنتين","ARG","AR"
"221","TAIWAN","تايوان","TWN","TW"
"243","INDONESIA","اندونيسيا","IDN","ID"
"339","NIGER","النيجر","NER","NE"
"435","MALTA","مالطا","MLT","MT"
"627","GUATEMALA","جواتيمالا","GTM","GT"
"365","GREENLAND","جرينلاند - الرأس الاخضر","GRL","GL"
"269","TURKMENISTAN","تركمنستان","TKM","TM"
"461","LATVIA","لاتفيا","LVA","LV"
"653","GUYANA","غيانا","GUY","GY"
"490","BELARUS","بيلاروس","BLR","BY"
"271","UZBEKISTAN","اوزبكستان","UZB","UZ"
"655","SURINAME","سورينام","SUR","SR"
"367","MAURITIUS","موريشيوس","MUS","MU"
"463","BOSNIA AND HERZEGOVINA","البوسنة و الهرسك","BIH","BA"
"387","GAMBIA","جامبيا","GMB","GM"
"345","SENEGAL","السنغال","SEN","SN"
"441","VATICAN","الفاتيكان","VAT","VA"
"633","PANAMA","بنما","PAN","PA"
"249","MONGOLIA","منغوليا","MNG","MN"
"729","SAMOA","ساموا","WSM","WS"
"259","MACAU","ماكاو","MAC","MO"
"643","URUGUAY","اوراجواي","URY","UY"
"355","TOGO","توجو","TGO","TG"
"488","MONTENEGRO","الجبل الأسود","MNE","ME"
"140","REPUBLIC OF SOMALILAND","ارض الصومال","RSL",""
"383","SEYCHELLES","سيشل","SYC","SC"
"479","UKRAINE","اوكرانيا","UKR","UA"
"325","KENYA","كينيا","KEN","KE"
"421","NORWAY","النرويج","NOR","NO"
"613","ECUADOR","الاكوادور","ECU","EC"
"709","TIMOR-LESTE","تيمور الشرقية","TLS","TL"
"133","MOROCCO","المغرب","MAR","MA"
"229","NORTH KOREA","كوريا الشمالية","PRK","KP"
"369","BENIN","بنين","BEN","BJ"
"273","GEORGIA","جورجيا","GEO","GE"
"465","BULGARIA","بلغاريا","BGR","BG"
"657","BARBADOS","بربادوس","BRB","BB"
"732","MICRONESIA","مايكرونيزيا","FSM","FM"
"321","REPUBLIC OF GUINEA","جمهوريه غينيا","GIN","GN"
"417","AUSTRIA","النمسا","AUT","AT"
"609","BOLIVIA","بوليفيا","BOL","BO"
"705","FIJI","فيجي","FJI","FJ"
"129","TUNISIA","تونس","TUN","TN"
"225","SINGAPORE","سنغافورة","SGP","SG"
"801","KURDISTAN","كردستان","KUR","KU"
"311","CHAD","تشاد","TCD","TD"
"215","CAMBODIA","كمبوديا","KHM","KH"
"407","GERMANY","المانيا","DEU","DE"
"503","CAYMAN ISLANDS","جزر كايمن","CYM","KY"
"119","SYRIA","سوريا","SYR","SY"
"303","ERITREN","ارتيريا","ERI","ER"
"207","BANGLADESH","بنجلاديش","BGD","BD"
"111","SULTANATE OF OMAN","سلطنة عمان","OMN","OM"
"481","MOLDAVIA","مولدافيا","MDA","MD"
"385","GUINEA-BISSAU","غينيا-بيساو","GNB","GW"
"502","UNITED STATES OF AMERICA","امريكا","USA","US"
"635","EL SALVADOR","السلفادور","SLV","SV"
"347","SIERRA LEONE","سيراليون","SLE","SL"
"443","ICELAND","آيسلندا","ISL","IS"
"349","SOUTH AFRICA","جنوب افريقيا","ZAF","ZA"
"445","ANDORRA","اندورا","AND","AD"
"637","TRINIDAD AND TOBAGO","ترينيداد وتوباغو","TTO","TT"
"733","VANUATU","جزر فانفاتو","VUT","VU"
"253","BRUNEI","بروناي","BRN","BN"
"341","NIGERIA","نيجيريا","NGA","NG"
"437","SPAIN","اسبانيا","ESP","ES"
"629","JAMAICA","جمايكا","JAM","JM"
"725","SOLOMON ISLAND","جزر سولومون","SLB","SB"
"245","LAOS","لاوس","LAO","LA"
"405","ITALY","ايطاليا","ITA","IT"
"117","LEBANON","لبنان","LBN","LB"
"309","CAMEROON","الكاميرون","CMR","CM"
"501","CANADA","كندا","CAN","CA"
"213","REPUBLIC OF MYANMAR","جمهورية ميانمار","MMR","MM"
"452","CZECH REPUBLIC","التشيك","CZE","CZ"
"307","BURUNDI","بوروندي","BDI","BI"
"211","BHUTAN","بوتان","BTN","BT"
"403","FRANCE","فرنسا","FRA","FR"
"115","YEMEN","اليمن","YEM","YE"
"357","UGANDA","اوغندا","UGA","UG"
"453","CROATIA","كرواتيا","HRV","HR"
"261","KAZAKHSTAN","كازاخستان","KAZ","KZ"
"645","PARAGUAY","باراغواي","PRY","PY"
"267","TAJIKISTAN","طاجكستان","TJK","TJ"
"459","ESTONIA","استونيا","EST","EE"
"651","BELIZE","بيليز","BLZ","BZ"
"363","CENTRAL AFRICAN REPUBLIC","افريقيا الوسطى","CAF","CF"
"353","TANZANIA","تنزانيا","TZA","TZ"
"449","LIECHTENSTEIN","ليخنشتين","LIE","LI"
"257","MALDIVES","المالديف","MDV","MV"
"641","PUERTO RICO","بورتوريكو","PRI","PR"
"737","REPUBLIC OF NAURU","للجمهورية ناورو","NRU","NR"
"491","SAINT LUCIA","سانت لوسيا","LCA","LC"
"203","PAKISTAN","باكستان","PAK","PK"
"395","SAO TOME AND PRINCIPE","ساو تومي وبرينسيبي","STP","ST"
"107","BAHRAIN","البحرين","BHR","BH"
"603","BRAZIL","البرازيل","BRA","BR"
"219","CHINA","الصين","CHN","CN"
"411","BELGIUM","بلجيكا","BEL","BE"
"699","CURACAO","كوراساو","NA","DU"
"123","PALESTINE","فلسطين","PSE","PS"
"231","JAPAN","اليابان","JPN","JP"
"327","LIBERIA","ليبيريا","LBR","LR"
"423","DENMARK","الدنمارك","DNK","DK"
"615","PERU","بيرو","PER","PE"
"711","TASMANIA","تسمانيا","TAS",""
"135","MAURITANIA","موريتانيا","MRT","MR"
"109","QATAR","قطر","QAT","QA"
"301","COMOROS","جزر القمر","COM","KM"
"205","INDIA","الهند","IND","IN"
"227","THE REPUBLIC OF KOREA","جمهورية كوريا","KOR","KR"
"323","IVORY COAST","ساحل العاج","CIV","CI"
"419","SWEDEN","السويد","SWE","SE"
"611","COLOMBIA","كولومبيا","COL","CO"
"707","PAPUA NEW GUINEA","بابوا غينيا الجديدة","PNG","PG"
"131","ALGERIA","الجزائر","DZA","DZ"
"223","HONG KONG","هونج كونج","HKG","HK"
"319","GHANA","غانا","GHA","GH"
"415","SWITZERLAND","سويسرا","CHE","CH"
"607","CHILE","تشيلي","CHL","CL"
"703","NEW ZEALAND","نيوزيلندا","NZL","NZ"
"127","LIBYA","ليبيا","LBY","LY"
"642","COMMONWEALTH OF DOMINICA","كمنولث دومينكا","DMA","DM"
"606","ST HELENA","سنت هلينا","SHN","SH"
"337","MOZAMBIQUE","موزمبيق","MOZ","MZ"
"433","FINLAND","فنلندا","FIN","FI"
"625","DOMINICAN REPUBLIC","الجمهورية الدومينيكية - الدومنيكان","DOM","DO"
"721","MARIANA ISLANDS","جزر ماريانا","MNP","MP"
"241","MALAYSIA","ماليزيا","MYS","MY"
"277","ISRAEL","اسرائيل","ISR","IL"
"373","NAMIBIA","ناميبيا","NAM","NA"
"469","ROMANIA","رومانيا","ROU","RO"
"661","MARTINIQUE","مارتينيك","MTQ","MQ"
"454","SLOVAKIA","سلوفاكيا","SVK","SK"
"475","TURKEY","تركيا","TUR","TR"
"379","KINGDOM OF ESWATINI","مملكة إسواتيني","SWZ","SZ"
"401","BRITAIN","بريطانيا","GBR","GB"
"113","IRAQ","العراق","IRQ","IQ"
"305","ANGOLA","انجولا","AGO","AO"
"209","AFGHANISTAN","افغانستان","AFG","AF"
"727","MARSHALL ISLAND","جزر مارشال","MHL","MH"
"343","RWANDA","رواندا","RWA","RW"
"439","MONACO","موناكو","MCO","MC"
"631","NICARAGUA","نيكاراجوا","NIC","NI"
"409","HOLLAND","هولندا","NLD","NL"
"505","UNITED NATIONS","الأمم المتحدة","UNO",""
"121","JORDAN","الاردن","JOR","JO"
"313","CONGO","جمهورية الكونغو","COG","CG"
"601","MEXICO","المكسيك","MEX","MX"
"217","SRI LANKA","سيرلانكا","LKA","LK"
"471","POLAND","بولندا","POL","PL"
"663","ANTIGUA & BARBUDA","أنتيجوا و باربودا","ATG","AG"
"375","BOTSWANA","بتسوانا","BWA","BW"
"138","SOUTH SUDAN","جنوب السودان","SSD","SS"
"476","REPUBLIC OF KOSOVO","جمهورية كوسوفو","RKS","RK"
"477","RUSSIA","روسيا","RUS","RU"
"669","PALAU","بالاو","PLW","PW"
"235","NEPAL","نيبال","NPL","NP"
"331","ZIMBABWE","زيمبابوي","ZWE","ZW"
"427","IRELAND","ايرلندا","IRL","IE"
"619","BAHAMAS","جزر الباهاما","BHS","BS"
"715","NEW CALEDONIA","كاليدونا الجديدة","NCL",""
"139","SOMALIA","الصومال","SOM","SO"
"393","CAPE VERDE","كابو فيردي","CPV","CV"
"489","KYRGYZSTAN","كيرجيز","KGZ","KG"
"105","KUWAIT","الكويت","KWT","KW"
"201","IRAN","ايران","IRN","IR"
"467","HUNGARY","المجر - هنجاريا","HUN","HU"
"659","FRENCH GUIANA","غيانا الفرنسية","GUF","GF"
"371","GABON","الجابون","GAB","GA"
"276","FAROE ISLANDS","جزر الفارو","FRO","FO"
"377","LESOTHO","ليسوتو","LSO","LS"
"473","ALBANIA","البانيا","ALB","AL"
"665","SAINT VINSENT","سانت فينسنت","VCT","VC"
"255","TONGA","تونغا","TON","TO"
"639","HAITI","هاييتي","HTI","HT"
"735","TUVALU","توفالو","TUV","TV"
"351","BURKINA FASO","بوركينا فاسو","BFA","BF"
"447","SAN MARINO","سان مارينو","SMR","SM"
